{
  "cfg": {
    "embed_dim": 256,
    "hidden_dim": 256,
    "num_layers": 2,
    "dropout": 0.2,
    "lr": 0.0005,
    "batch_size": 32,
    "use_pos_weight": false,
    "epochs": 6,
    "patience": 2
  },
  "val_metrics": {
    "acc": 0.6056338028169014,
    "precision": 0.5306122448979592,
    "recall": 0.8387096774193549,
    "f1": 0.65,
    "roc_auc": 0.6887096774193548,
    "threshold": 0.25
  },
  "early_stop_on": "roc_auc"
}